{
  "n_prompts": 50,
  "max_new_tokens": 100,
  "batch_size": 8,
  "results": {
    "serial": {
      "time": 71.82829642295837,
      "gen_tokens": 4520,
      "qps": 0.6961044948856475,
      "tps": 62.92784633766254
    },
    "batch": {
      "time": 13.013916492462158,
      "gen_tokens": 4534,
      "qps": 3.8420409435515204,
      "tps": 348.39627276125185
    },
    "vllm": {
      "time": 83.89754486083984,
      "gen_tokens": 4562,
      "qps": 0.5959649961501804,
      "tps": 54.375846248742455
    }
  }
}
